"Key","Summary","Type","Status","Date"
"BP-15","
                                        Issue Checking                                    ","Task","Open","Jun 26"
"BP-18","
                                        Issue Checking                                    ","Story","Open","Jun 26"
"BP-20","
                                        hjghjgjgj                                    ","Bug","Open","Nov 30"
"BP-21","
                                        Issue is getting checked                                    ","Story","Open",""
"BP-9","
                                        Checking an issue                                    ","Task","To Do",""
"BP-8","
                                        Another Issue                                    ","Bug","To Do","Jun 27"
"BP-10","
                                        This is a story                                    ","Story","To Do",""
"BP-12","
                                        Checking Issue                                    ","Epic","To Do","Jun 26"
"BP-17","
                                        Summary and working check                                    ","Epic","To Do",""
"BP-4","
                                        Summary                                    ","Story","In Progress",""
"BP-11","
                                        Checking issue                                    ","Story","In Progress","Jun 26"
"BP-13","
                                        Checking issue                                    ","Story","In Progress",""
"BP-5","
                                        Checking card                                    ","Bug","In Review",""
"BP-7","
                                        Issue Checking                                    ","Bug","In Review","Jun 26"
"BP-14","
                                        Issue Checking                                    ","Task","In Review","Jun 26"
"BP-3","
                                        Taking test of issue                                    ","Task","Testing",""
"BP-6","
                                        Summary                                    ","Bug","Testing",""
"BP-16","
                                        Issue checkingsd                                    ","Story","Done","Nov 30"
"BP-19","
                                        Issue Checking                                    ","Story","Closed",""
